ID,Timestamp,Config Hash,N_J,N_M,Training Complete,Testing Complete,Best Validation,Test Win Rate
exp_20250309_201257,20250309_201257,8ac09727,6,6,True,True,12820.65,50.0
exp_20250309_213356,20250309_213356,8ac09727,6,6,True,True,12820.65,50.0
exp_20250309_215101,20250309_215101,cf5b39a0,6,6,True,True,12887.71,46.0
exp_20250309_223155,20250309_223155,07b6d784,6,6,True,True,12912.14,40.0
exp_20250309_225210,20250309_225210,3cf16921,6,6,True,True,12797.22,51.0
exp_20250309_230303,20250309_230303,3978b465,6,6,True,True,13579.82,15.0
exp_20250309_231325,20250309_231325,079487b1,6,6,True,True,13064.94,35.0
exp_20250309_232251,20250309_232251,87daf457,6,6,True,True,13158.19,11.0
exp_20250309_233215,20250309_233215,969b93b1,6,6,True,True,14621.89,7.000000000000001
exp_20250310_082656,20250310_082656,adb1a5b2,6,6,True,True,13713.86,17.0
exp_20250310_091217,20250310_091217,0dfa08d1,6,6,True,True,14451.54,11.0
exp_20250310_112245,20250310_112245,f0c553d7,6,6,True,True,13311.36,24.0
exp_20250310_120202,20250310_120202,5fcf634d,6,6,True,True,13376.5,14.000000000000002
exp_20250310_125642,20250310_125642,4f62840e,6,6,True,True,13212.91,30.0
exp_20250310_135858,20250310_135858,26fc6d2c,6,6,True,True,13178.77,27.0
exp_20250310_185447,20250310_185447,7e182c74,6,6,True,True,12945.01,28.999999999999996
exp_20250311_161525,20250311_161525,02741c8e,6,6,True,True,12900.44,26.0
exp_20250311_190009,20250311_190009,b374ae89,6,6,True,True,14086.66,7.000000000000001
exp_20250311_195634,20250311_195634,19113ee3,6,6,True,True,13186.06,23.0
exp_20250312_085652,20250312_085652,7ea385e6,6,6,True,True,14320.16,4.0
exp_20250312_101841,20250312_101841,8e438739,15,15,True,True,101949.27,0.0
exp_20250312_110723,20250312_110723,fc8d1068,6,6,True,True,12945.37,6.0
exp_20250312_120833,20250312_120833,fc8d1068,6,6,True,True,12878.59,30.0
exp_20250312_125752,20250312_125752,fc8d1068,6,6,True,True,14599.42,86.0
exp_20250312_205043,20250312_205043,26fc6d2c,6,6,True,True,16470.17,75.0
exp_20250312_215533,20250312_215533,5be4db7d,6,6,True,True,14974.03,49.0
exp_20250313_094953,20250313_094953,3ae33f66,6,6,True,True,15017.52,78.0
exp_20250313_112718,20250313_112718,3ae33f66,6,6,True,True,13085.05,15.0
exp_20250313_131136,20250313_131136,f66cca71,6,6,True,True,13986.14,7.000000000000001
exp_20250313_150520,20250313_150520,d3f7ae03,6,6,True,True,13947.5,15.0
exp_20250313_155534,20250313_155534,d02a6853,6,6,True,True,13978.79,16.0
exp_20250313_162820,20250313_162820,a91b35f2,6,6,True,True,13637.73,11.0
exp_20250313_173913,20250313_173913,1182d9dc,6,6,True,True,13982.36,15.0
exp_20250313_220138,20250313_220138,58a719d8,6,6,True,True,13808.24,13.0
exp_20250314_002556,20250314_002556,cb519911,6,6,True,True,14069.05,10.0
exp_20250315_104021,20250315_104021,cb519911,6,6,True,True,14069.05,10.0
exp_20250315_113328,20250315_113328,3cbda6e4,6,6,True,True,12856.1,11.0
exp_20250315_133247,20250315_133247,cfb7944b,6,6,True,True,14147.1,3.0
exp_20250315_163935,20250315_163935,da75ef07,6,6,True,True,13809.09,3.0
exp_20250315_171834,20250315_171834,8032555f,6,6,True,True,14131.02,3.0
exp_20250315_180848,20250315_180848,8032555f,6,6,True,True,14131.02,3.0
exp_20250315_192856,20250315_192856,7b021143,6,6,True,True,13219.01,5.0
exp_20250315_205544,20250315_205544,4fd77c5a,6,6,True,True,14168.6,6.0
exp_20250315_212402,20250315_212402,3bc3ffe2,6,6,True,True,13505.11,7.000000000000001
exp_20250315_225231,20250315_225231,ac084ea4,6,6,True,True,13976.11,3.0
exp_20250316_095726,20250316_095726,97d21530,6,6,True,True,13729.69,5.0
exp_20250316_104338,20250316_104338,0e04a94c,6,6,True,True,13699.68,6.0
exp_20250316_112018,20250316_112018,52aa1e95,6,6,True,True,14004.31,6.0
exp_20250316_115145,20250316_115145,06818bd0,6,6,True,True,14019.69,6.0
exp_20250316_122652,20250316_122652,e2838b9e,6,6,True,True,13733.84,7.000000000000001
exp_20250316_125926,20250316_125926,bba7ec49,6,6,True,True,14592.84,4.0
exp_20250316_140108,20250316_140108,9bb33fb3,6,6,True,True,14704.76,7.000000000000001
exp_20250316_150600,20250316_150600,5ea37c56,6,6,True,True,13349.58,8.0
exp_20250316_155020,20250316_155020,5eee5da8,6,6,True,True,14018.09,6.0
exp_20250316_162732,20250316_162732,d6af8fe5,6,6,True,True,14086.78,5.0
exp_20250316_172255,20250316_172255,cf8e709d,6,6,True,True,13912.3,2.0
exp_20250316_180643,20250316_180643,262aec73,6,6,True,True,12845.25,6.0
exp_20250316_184427,20250316_184427,5c15caae,6,6,True,True,12451.73,28.000000000000004
exp_20250316_194219,20250316_194219,4f832432,6,6,True,True,12487.84,23.0
exp_20250316_211629,20250316_211629,d5a4a52e,6,6,True,True,13868.46,9.0
exp_20250316_221424,20250316_221424,723131e2,6,6,True,True,14591.02,4.0
exp_20250316_224917,20250316_224917,44500c9f,6,6,True,True,14986.63,4.0
exp_20250316_230022,20250316_230022,44500c9f,6,6,True,True,14979.82,4.0
exp_20250316_230908,20250316_230908,44500c9f,6,6,True,True,15072.63,3.0
exp_20250316_232827,20250316_232827,ad9d1656,6,6,True,True,14818.47,7.000000000000001
exp_20250316_235237,20250316_235237,57a4ce2e,6,6,True,True,12463.82,31.0
exp_20250317_000919,20250317_000919,57a4ce2e,6,6,True,True,12841.4,5.0
exp_20250317_002426,20250317_002426,57a4ce2e,6,6,True,True,12399.77,35.0
exp_20250317_091150,20250317_091150,ac084ea4,6,6,True,True,12384.75,36.0
exp_20250317_100607,20250317_100607,426c34c6,6,6,True,True,12435.1,38.0
exp_20250317_113936,20250317_113936,0d633e9d,6,6,True,True,12445.79,36.0
exp_20250317_115810,20250317_115810,9bc2ccad,6,6,True,True,12445.79,36.0
exp_20250317_120455,20250317_120455,426c34c6,6,6,True,True,13108.82,21.0
exp_20250317_124320,20250317_124320,426c34c6,6,6,True,True,12724.13,34.0
exp_20250317_131014,20250317_131014,426c34c6,6,6,True,True,12477.09,37.0
exp_20250317_140124,20250317_140124,426c34c6,6,6,True,True,12489.08,36.0
exp_20250317_145557,20250317_145557,426c34c6,6,6,True,True,13593.48,4.0
exp_20250317_152904,20250317_152904,426c34c6,6,6,True,True,12524.98,32.0
exp_20250317_155846,20250317_155846,426c34c6,6,6,True,True,12821.96,7.000000000000001
exp_20250317_184421,20250317_184421,426c34c6,6,6,True,True,12416.62,30.0
exp_20250317_185822,20250317_185822,426c34c6,6,6,True,True,12566.26,41.0
exp_20250317_194613,20250317_194613,426c34c6,6,6,True,True,12416.62,36.0
exp_20250318_103846,20250318_103846,426c34c6,6,6,True,True,12702.84,15.0
exp_20250318_113144,20250318_113144,6c4b30a6,6,6,True,True,12445.53,37.0
exp_20250318_122820,20250318_122820,a285603d,6,6,True,True,12652.2,32.0
exp_20250318_134223,20250318_134223,8d78bb12,6,6,True,True,13092.02,22.0
exp_20250318_151707,20250318_151707,426c34c6,6,6,True,True,13453.75,17.0
exp_20250318_163411,20250318_163411,97d21530,6,6,True,True,13028.02,10.0
exp_20250318_173340,20250318_173340,426c34c6,6,6,True,True,13165.05,23.0
exp_20250318_183847,20250318_183847,426c34c6,6,6,True,True,12416.62,36.0
exp_20250318_212047,20250318_212047,426c34c6,6,6,True,True,12416.8,38.0
exp_20250318_224059,20250318_224059,b63ee603,6,6,True,True,15073.47,6.0
exp_20250319_013533,20250319_013533,dde448a4,6,6,True,True,12612.69,17.0
exp_20250319_101402,20250319_101402,5feced78,6,6,True,True,12660.09,6.0
exp_20250319_112933,20250319_112933,9bb33fb3,6,6,True,True,12347.59,37.0
exp_20250319_135429,20250319_135429,1c88d06e,6,6,True,True,12353.06,38.0
exp_20250319_140950,20250319_140950,f7e80944,6,6,True,True,12531.69,41.0
exp_20250319_143247,20250319_143247,1a45db2e,6,6,True,True,12568.29,36.0
exp_20250319_144313,20250319_144313,10c49da1,6,6,True,True,12520.93,39.0
exp_20250319_145046,20250319_145046,26675632,6,6,True,True,12600.79,37.0
exp_20250319_150038,20250319_150038,1e50bc55,6,6,True,True,12555.87,42.0
exp_20250319_150348,20250319_150348,0e8b547d,6,6,True,True,12608.84,31.0
exp_20250319_150637,20250319_150637,0e8b547d,6,6,True,True,12619.16,30.0
exp_20250319_152233,20250319_152233,4b325ea9,6,6,True,True,12526.33,37.0
exp_20250319_152445,20250319_152445,10c49da1,6,6,True,True,12537.05,39.0
exp_20250319_153514,20250319_153514,9ae16735,6,6,True,True,12566.8,36.0
exp_20250319_153944,20250319_153944,bb35e450,6,6,True,True,12612.76,34.0
exp_20250319_154336,20250319_154336,1e50bc55,6,6,True,True,12555.87,42.0
exp_20250319_155838,20250319_155838,e8c2792a,6,6,True,True,12380.33,40.0
exp_20250319_162521,20250319_162521,445d4f68,6,6,True,True,12493.34,44.0
exp_20250319_162819,20250319_162819,ed476bc3,6,6,True,True,12585.87,37.0
exp_20250319_163204,20250319_163204,c6ed3a3e,6,6,True,True,12480.46,41.0
exp_20250319_163750,20250319_163750,0db2dbb5,6,6,True,True,12538.23,41.0
exp_20250319_164801,20250319_164801,e96fc8f0,6,6,True,True,12505.07,41.0
exp_20250319_165548,20250319_165548,0ee052d7,6,6,True,True,14249.46,3.0
exp_20250319_165953,20250319_165953,07eaf201,6,6,True,True,12770.75,18.0
exp_20250319_170348,20250319_170348,998671ac,6,6,True,True,13250.67,10.0
exp_20250319_170630,20250319_170630,1786b0b2,6,6,True,True,12546.98,28.999999999999996
exp_20250319_171940,20250319_171940,d49efc8d,6,6,True,True,13139.72,21.0
exp_20250319_172304,20250319_172304,5128273e,6,6,True,True,12473.63,40.0
exp_20250319_174012,20250319_174012,89de66b4,6,6,True,True,12346.86,37.0
exp_20250319_174730,20250319_174730,e6f2bf8d,6,6,True,True,12451.16,42.0
exp_20250319_180343,20250319_180343,d3c17a6a,6,6,True,True,12429.52,43.0
exp_20250319_182601,20250319_182601,d3c17a6a,6,6,True,True,12312.36,41.0
exp_20250319_210538,20250319_210538,e6f2bf8d,6,6,True,True,12694.74,30.0
exp_20250319_214220,20250319_214220,d3c17a6a,6,6,True,True,12665.25,30.0
exp_20250319_220746,20250319_220746,d3c17a6a,6,6,True,True,12444.81,25.0
exp_20250320_001818,20250320_001818,d3c17a6a,6,6,True,True,12414.54,39.0
exp_20250320_003906,20250320_003906,d3c17a6a,6,6,True,True,12344.78,41.0
exp_20250320_075857,20250320_075857,d3c17a6a,6,6,True,True,12426.32,38.0
exp_20250320_081630,20250320_081630,d3c17a6a,6,6,True,True,12627.96,38.0
exp_20250320_091110,20250320_091110,d3c17a6a,6,6,True,True,12543.14,27.0
exp_20250320_101413,20250320_101413,d3c17a6a,6,6,True,True,12614.78,12.0
exp_20250320_114953,20250320_114953,d3c17a6a,6,6,True,True,12382.92,40.0
exp_20250320_122215,20250320_122215,d3c17a6a,6,6,True,True,12382.92,40.0
exp_20250320_124906,20250320_124906,d3c17a6a,6,6,True,True,12377.16,42.0
exp_20250321_134445,20250321_134445,d3c17a6a,6,6,True,True,14478.91,3.0
exp_20250321_153337,20250321_153337,d3c17a6a,6,6,True,True,14788.13,3.0
exp_20250321_160809,20250321_160809,d3c17a6a,6,6,True,True,14731.89,6.0
exp_20250321_163201,20250321_163201,d3c17a6a,6,6,True,True,13913.73,7.000000000000001
exp_20250321_165406,20250321_165406,d3c17a6a,6,6,True,True,13912.88,9.0
